class,anogen,anogen+aligen,FAST,FAST+aligen
bottle,61.2763,60.2356,73.8298,42.8193
cable,77.0988,79.6993,64.4712,62.9642
capsule,37.1179,37.4185,34.8288,27.5414
capsules,66.8834,68.6779,38.2449,37.1708
cashew,92.2746,76.5028,67.5436,58.4039
chewinggum,48.4105,43.5041,36.5465,43.9446
fryum,72.8655,58.4623,36.8116,32.2714
hazelnut,59.01,57.9816,56.4542,54.2921
macaroni,77.1526,65.3751,44.3964,41.0331
metal_nut,65.4695,60.2911,49.8943,51.1342
pcb1,171.6762,79.3483,41.3047,40.0804
pcb2,86.1549,99.6382,31.9351,34.8689
pcb3,77.4917,92.2653,36.7436,36.2775
pcb4,90.5518,88.0552,43.7073,38.707
pill,68.2975,69.0047,44.2199,37.6882
pipe_fryum,80.0202,52.0446,52.3547,46.4141
screw,31.9537,31.4523,18.0742,18.5033
screw_single,22.2812,25.2844,14.3246,12.7032
toothbrush,100.1973,95.9632,85.1198,76.7609
tubes,75.4702,90.9527,52.6236,55.8287
