class,anomalydiffusion,anomalydiffusion+aligen,anogen,anogen+aligen,FAST,FAST+aligen
bottle,0.2457,0.2215,0.2169,0.21,0.2344,0.2027
cable,0.445,0.4291,0.4134,0.388,0.4571,0.4301
capsule,0.3041,0.2904,0.2723,0.2578,0.2727,0.2504
capsules,0.4823,0.5111,0.5094,0.4276,0.5189,0.4947
cashew,0.4021,0.4095,0.3841,0.3711,0.3747,0.4078
chewinggum,0.4502,0.4537,0.4466,0.4136,0.4294,0.4315
fryum,0.3503,0.3571,0.3167,0.3024,0.2744,0.2975
hazelnut,0.3271,0.32,0.3764,0.3607,0.3839,0.3708
macaroni,0.3767,0.3712,0.366,0.3174,0.3265,0.3481
metal_nut,0.263,0.2579,0.3084,0.2791,0.2989,0.2903
pcb1,0.4522,0.4381,0.4145,0.3971,0.4283,0.4291
pcb2,0.4125,0.4217,0.3974,0.3504,0.4099,0.3946
pcb3,0.3606,0.3583,0.3401,0.3237,0.3707,0.3704
pcb4,0.4122,0.4035,0.36,0.3579,0.3974,0.3979
pill,0.2587,0.2506,0.2729,0.2561,0.2742,0.2634
pipe_fryum,0.2782,0.276,0.3192,0.3168,0.3573,0.3512
screw,0.3183,0.3321,0.3254,0.3221,0.3276,0.3253
screw_single,0.2177,0.2089,0.2073,0.1999,0.2049,0.1894
toothbrush,0.2832,0.2635,0.3194,0.2983,0.3111,0.2974
tubes,0.256,0.2398,0.2674,0.2333,0.2243,0.1807
