category,anodif,anodif+aligen,anogen,anogen+aligen,FAST,FAST+aligen
bottle,0.2785,0.2245,0.2086,0.2072,0.238,0.2062
cable,0.4163,0.4076,0.4128,0.4034,0.435,0.4293
capsule,0.3121,0.2866,0.2814,0.2525,0.2899,0.2501
capsules,0.4828,0.4976,0.5094,0.4646,0.5189,0.5181
cashew,0.403,0.4114,0.3841,0.3682,0.3747,0.3855
chewinggum,0.451,0.4477,0.4466,0.4093,0.4294,0.4174
fryum,0.3797,0.3434,0.3167,0.2877,0.2744,0.2811
hazelnut,0.3158,0.3095,0.3777,0.3532,0.3809,0.3689
macaroni,0.377,0.3688,0.366,0.3098,0.3265,0.3298
metal_nut,0.3282,0.2656,0.3076,0.2832,0.3268,0.2822
pcb1,0.453,0.455,0.4145,0.3909,0.4283,0.4267
pcb2,0.4131,0.404,0.3974,0.342,0.4099,0.4017
pcb3,0.3657,0.346,0.3401,0.3274,0.3707,0.3577
pcb4,0.4135,0.4029,0.36,0.3527,0.3974,0.3999
pill,0.2862,0.2529,0.2618,0.2649,0.2837,0.2525
pipe_fryum,0.2798,0.2859,0.3192,0.3179,0.3573,0.3448
screw,0.3223,0.323,0.322,0.32,0.3267,0.3351
screw_single,0.2181,0.2091,0.2032,0.1967,0.2121,0.1928
toothbrush,0.2834,0.258,0.3192,0.3009,0.3111,0.2972
tubes,0.2569,0.2459,0.2672,0.2492,0.2241,0.2385
